"customer_id","customer_name","email","phone_number","address","customer_since"
"1","Linda James","linda.james1@example.com","+1-403-808-6353","5289 Pine Rd, Seattle, WA 98101","2021-01-27"
"2","Nicholas Allen","nicholas.allen2@example.com","+1-377-913-3609","2188 First St, El Paso, TX 79901","2018-12-03"
"3","Linda Sanders","linda.sanders3@example.com","+1-538-554-7356","3979 Washington Blvd, Denver, CO 80201","2022-03-31"
"4","Janet Lewis","janet.lewis4@example.com","+1-316-716-3135","5720 Market St, Chicago, IL 60601","2020-12-27"
"5","Mark Hernandez","mark.hernandez5@example.com","+1-913-367-9361","3226 Washington Blvd, San Francisco, CA 94102","2020-08-06"
"6","Brandon Morales","brandon.morales6@example.com","+1-272-649-7451","8795 Third Rd, Detroit, MI 48201","2020-08-10"
"7","Timothy Ramos","timothy.ramos7@example.com","+1-572-749-2540","3438 Lincoln St, Chicago, IL 60601","2021-05-26"
"8","Stephanie Mitchell","stephanie.mitchell8@example.com","+1-254-699-5327","3907 Washington Blvd, Detroit, MI 48201","2021-01-22"
"9","Michelle Kim","michelle.kim9@example.com","+1-509-853-7863","622 Hill Rd, San Diego, CA 92101","2018-12-28"
"10","Jason Gonzalez","jason.gonzalez10@example.com","+1-847-152-9891","2256 Jefferson Dr, Oklahoma City, OK 73101","2018-11-26"
"11","Melissa Cox","melissa.cox11@example.com","+1-889-378-8521","2727 Madison Ave, El Paso, TX 79901","2019-07-13"
"12","Alexander Williams","alexander.williams12@example.com","+1-793-978-7905","8590 Jefferson Dr, Boston, MA 02101","2021-06-18"
"13","Ryan Wilson","ryan.wilson13@example.com","+1-295-878-6488","7135 Second Ave, Houston, TX 77001","2023-01-20"
"14","Robert Johnson","robert.johnson14@example.com","+1-502-822-8388","7293 Market St, Baltimore, MD 21201","2022-05-30"
"15","Elizabeth James","elizabeth.james15@example.com","+1-620-778-7328","9309 Oak Ave, Jacksonville, FL 32099","2020-07-31"
"16","Timothy Phillips","timothy.phillips16@example.com","+1-612-901-6464","5256 Park Ave, Oklahoma City, OK 73101","2023-01-18"
"17","Timothy Mendoza","timothy.mendoza17@example.com","+1-380-521-7512","3493 First St, Jacksonville, FL 32099","2023-03-10"
"18","Heather Cox","heather.cox18@example.com","+1-809-293-5238","9109 Adams St, Jacksonville, FL 32099","2022-03-28"
"19","Dorothy Lopez","dorothy.lopez19@example.com","+1-384-797-9191","8177 Maple Dr, Dallas, TX 75201","2022-03-14"
"20","Timothy Torres","timothy.torres20@example.com","+1-872-532-6326","8979 Third Rd, San Antonio, TX 78201","2022-01-10"
"21","Gregory Sanchez","gregory.sanchez21@example.com","+1-613-473-4067","476 Spring St, El Paso, TX 79901","2022-08-08"
"22","Angela Diaz","angela.diaz22@example.com","+1-880-840-2044","1381 Broadway, El Paso, TX 79901","2019-01-27"
"23","Kimberly Richardson","kimberly.richardson23@example.com","+1-307-822-3405","5597 Third Rd, Louisville, KY 40201","2020-03-18"
"24","Brandon Howard","brandon.howard24@example.com","+1-619-255-3786","5356 Hill Rd, Dallas, TX 75201","2022-02-18"
"25","Aaron Hernandez","aaron.hernandez25@example.com","+1-546-272-3966","4209 Maple Dr, Portland, OR 97201","2022-10-06"
"26","Melissa James","melissa.james26@example.com","+1-580-341-6473","9269 Main St, Louisville, KY 40201","2023-12-03"
"27","Anna Lopez","anna.lopez27@example.com","+1-970-915-4311","6543 Third Rd, Dallas, TX 75201","2022-04-12"
"28","Rebecca Chavez","rebecca.chavez28@example.com","+1-839-410-5302","7656 Madison Ave, Houston, TX 77001","2022-01-15"
"29","Nicole Richardson","nicole.richardson29@example.com","+1-531-525-4671","2874 Madison Ave, New York, NY 10001","2020-09-27"
"30","Kathleen Bennett","kathleen.bennett30@example.com","+1-543-482-1159","1483 Lincoln St, Nashville, TN 37201","2020-08-10"
"31","Carol Moore","carol.moore31@example.com","+1-520-574-4501","4782 Market St, Baltimore, MD 21201","2023-03-01"
"32","Katherine Hill","katherine.hill32@example.com","+1-467-977-9824","6277 First St, Indianapolis, IN 46201","2023-10-27"
"33","Catherine Ramos","catherine.ramos33@example.com","+1-502-600-6828","7767 Third Rd, Memphis, TN 37501","2023-07-09"
"34","Carol Hughes","carol.hughes34@example.com","+1-230-931-8329","1056 Madison Ave, Memphis, TN 37501","2021-08-25"
"35","Joseph Garcia","joseph.garcia35@example.com","+1-808-870-9810","8369 Cedar Ln, New York, NY 10001","2019-12-17"
"36","Samantha Kelly","samantha.kelly36@example.com","+1-899-213-3105","6088 Adams St, Columbus, OH 43004","2023-09-10"
"37","Paul Mitchell","paul.mitchell37@example.com","+1-599-605-6478","4931 Elm St, Seattle, WA 98101","2021-02-08"
"38","William Young","william.young38@example.com","+1-744-928-6873","3481 Maple Dr, Columbus, OH 43004","2019-02-13"
"39","Dorothy Mitchell","dorothy.mitchell39@example.com","+1-778-964-5415","2256 Oak Ave, San Francisco, CA 94102","2024-08-25"
"40","Dennis Cruz","dennis.cruz40@example.com","+1-832-989-1697","5243 Elm St, Fort Worth, TX 76101","2021-03-05"
"41","Janet Smith","janet.smith41@example.com","+1-937-436-5925","5142 First St, Nashville, TN 37201","2019-07-08"
"42","Scott King","scott.king42@example.com","+1-804-488-6383","4192 Market St, Columbus, OH 43004","2018-12-12"
"43","Sharon Peterson","sharon.peterson43@example.com","+1-987-295-5878","5079 Jefferson Dr, Indianapolis, IN 46201","2020-12-26"
"44","Eric Gonzalez","eric.gonzalez44@example.com","+1-442-245-9238","9639 Spring St, Los Angeles, CA 90001","2021-09-03"
"45","Joseph White","joseph.white45@example.com","+1-734-183-8875","5301 Pine Rd, Las Vegas, NV 89101","2021-10-19"
"46","Linda Hill","linda.hill46@example.com","+1-896-366-4893","8973 Second Ave, Las Vegas, NV 89101","2024-07-28"
"47","Donald Sanchez","donald.sanchez47@example.com","+1-947-432-3860","2495 Park Ave, Oklahoma City, OK 73101","2022-02-20"
"48","James Price","james.price48@example.com","+1-416-882-2000","9001 Main St, Boston, MA 02101","2023-06-16"
"49","Anna Martin","anna.martin49@example.com","+1-522-714-6988","9048 Spring St, San Jose, CA 95101","2020-03-06"
"50","Kathleen Phillips","kathleen.phillips50@example.com","+1-467-244-7306","6545 Madison Ave, San Antonio, TX 78201","2024-10-19"
"51","Janet Gutierrez","janet.gutierrez51@example.com","+1-881-178-3028","5785 Madison Ave, Denver, CO 80201","2023-06-09"
"52","Patricia Watson","patricia.watson52@example.com","+1-980-540-7955","2204 Spring St, New York, NY 10001","2024-09-05"
"53","Angela Mendoza","angela.mendoza53@example.com","+1-331-676-9808","6055 Pine Rd, Las Vegas, NV 89101","2024-06-23"
"54","Maria Gray","maria.gray54@example.com","+1-229-969-7272","4430 Pine Rd, Phoenix, AZ 85001","2021-12-20"
"55","Gregory Rodriguez","gregory.rodriguez55@example.com","+1-274-663-4311","6866 Madison Ave, Jacksonville, FL 32099","2023-07-17"
"56","Raymond Mendoza","raymond.mendoza56@example.com","+1-914-980-2240","6433 Maple Dr, New York, NY 10001","2023-12-01"
"57","Samantha Rodriguez","samantha.rodriguez57@example.com","+1-618-162-2689","1933 First St, Portland, OR 97201","2020-04-10"
"58","Frank Allen","frank.allen58@example.com","+1-727-701-2664","2163 Third Rd, Denver, CO 80201","2021-11-10"
"59","Samuel Alvarez","samuel.alvarez59@example.com","+1-762-169-5385","1641 First St, Jacksonville, FL 32099","2023-10-04"
"60","Lisa Flores","lisa.flores60@example.com","+1-398-951-8601","7926 Hill Rd, Indianapolis, IN 46201","2020-02-14"
"61","George Patel","george.patel61@example.com","+1-680-624-2433","3425 Spring St, Fort Worth, TX 76101","2024-04-14"
"62","Helen Hill","helen.hill62@example.com","+1-751-268-1730","9933 Third Rd, San Antonio, TX 78201","2021-02-04"
"63","William Richardson","william.richardson63@example.com","+1-675-248-3061","4083 Maple Dr, Nashville, TN 37201","2023-08-13"
"64","Jeffrey Alvarez","jeffrey.alvarez64@example.com","+1-496-868-4506","9886 Third Rd, Dallas, TX 75201","2020-07-04"
"65","Rachel Alvarez","rachel.alvarez65@example.com","+1-656-356-9014","2864 Lincoln St, El Paso, TX 79901","2021-12-24"
"66","Dorothy Johnson","dorothy.johnson66@example.com","+1-505-991-6644","6620 Park Ave, Dallas, TX 75201","2021-07-19"
"67","Angela Cox","angela.cox67@example.com","+1-974-533-6605","2906 Second Ave, Las Vegas, NV 89101","2024-06-04"
"68","Sharon Ruiz","sharon.ruiz68@example.com","+1-763-929-3720","4422 Jefferson Dr, Oklahoma City, OK 73101","2024-09-07"
"69","Nicole Robinson","nicole.robinson69@example.com","+1-836-520-5086","9472 Main St, San Jose, CA 95101","2023-01-17"
"70","Laura Howard","laura.howard70@example.com","+1-343-842-7175","4007 Broadway, Phoenix, AZ 85001","2022-10-19"
"71","Ronald Morgan","ronald.morgan71@example.com","+1-773-677-5071","5159 Elm St, Seattle, WA 98101","2020-04-08"
"72","Elizabeth Collins","elizabeth.collins72@example.com","+1-471-923-2054","316 Hill Rd, Nashville, TN 37201","2021-09-18"
"73","Ashley Jones","ashley.jones73@example.com","+1-565-651-7508","9915 Second Ave, Oklahoma City, OK 73101","2019-10-26"
"74","Thomas Cruz","thomas.cruz74@example.com","+1-683-568-3060","206 Park Ave, Oklahoma City, OK 73101","2023-04-14"
"75","Stephen Smith","stephen.smith75@example.com","+1-525-868-4327","1787 Second Ave, Louisville, KY 40201","2019-07-11"
"76","Thomas Young","thomas.young76@example.com","+1-474-688-5672","4188 Main St, Fort Worth, TX 76101","2023-04-27"
"77","Cynthia Wilson","cynthia.wilson77@example.com","+1-920-828-6988","5568 Elm St, Austin, TX 73301","2020-12-11"
"78","Dorothy Richardson","dorothy.richardson78@example.com","+1-701-700-8140","4058 Broadway, Phoenix, AZ 85001","2024-08-15"
"79","Susan Robinson","susan.robinson79@example.com","+1-810-192-5624","5333 Cedar Ln, Washington, DC 20001","2020-01-03"
"80","Rebecca Walker","rebecca.walker80@example.com","+1-210-577-3930","9044 Jefferson Dr, Louisville, KY 40201","2023-10-05"
"81","Stephen Nguyen","stephen.nguyen81@example.com","+1-262-595-7337","3227 Cedar Ln, Jacksonville, FL 32099","2024-07-09"
"82","Betty Harris","betty.harris82@example.com","+1-918-244-6787","1160 First St, Memphis, TN 37501","2020-09-17"
"83","James Taylor","james.taylor83@example.com","+1-696-656-6425","5547 Jefferson Dr, Chicago, IL 60601","2023-09-11"
"84","Ronald Wright","ronald.wright84@example.com","+1-735-938-9447","5324 Second Ave, Dallas, TX 75201","2019-02-23"
"85","Aaron Brown","aaron.brown85@example.com","+1-287-535-1749","7808 First St, Charlotte, NC 28201","2023-02-20"
"86","Emma Mitchell","emma.mitchell86@example.com","+1-787-146-2397","6492 Adams St, Columbus, OH 43004","2022-04-24"
"87","David Phillips","david.phillips87@example.com","+1-485-281-8205","1790 Hill Rd, Philadelphia, PA 19019","2019-02-03"
"88","Carolyn Watson","carolyn.watson88@example.com","+1-953-977-8117","2490 Adams St, Portland, OR 97201","2021-09-22"
"89","Jessica Parker","jessica.parker89@example.com","+1-239-560-8283","6545 Adams St, Dallas, TX 75201","2024-07-12"
"90","Carolyn Harris","carolyn.harris90@example.com","+1-862-393-4435","185 Third Rd, Las Vegas, NV 89101","2024-04-21"
"91","Jonathan Rogers","jonathan.rogers91@example.com","+1-804-398-1836","4030 Washington Blvd, Chicago, IL 60601","2024-04-22"
"92","Donna Kim","donna.kim92@example.com","+1-714-904-5517","5812 Jefferson Dr, Indianapolis, IN 46201","2019-11-10"
"93","Sharon Hill","sharon.hill93@example.com","+1-775-315-4808","4701 Third Rd, San Francisco, CA 94102","2018-11-08"
"94","Melissa Gutierrez","melissa.gutierrez94@example.com","+1-899-859-9147","6475 Main St, San Diego, CA 92101","2022-01-29"
"95","Stephen Brown","stephen.brown95@example.com","+1-997-912-2208","1708 Church St, Washington, DC 20001","2024-04-14"
"96","Gary Gonzalez","gary.gonzalez96@example.com","+1-246-785-7750","1161 Oak Ave, Charlotte, NC 28201","2023-12-14"
"97","Samuel Martin","samuel.martin97@example.com","+1-304-152-9371","8735 Maple Dr, Jacksonville, FL 32099","2019-02-03"
"98","Brenda Rodriguez","brenda.rodriguez98@example.com","+1-940-576-6470","9669 Madison Ave, Phoenix, AZ 85001","2021-12-30"
"99","Alexander Allen","alexander.allen99@example.com","+1-837-678-9906","4330 Main St, Seattle, WA 98101","2023-04-26"
"100","Maria Sanchez","maria.sanchez100@example.com","+1-611-302-1677","3445 Spring St, Columbus, OH 43004","2022-07-13"
"101","Justin Cook","justin.cook101@example.com","+1-602-570-9905","4269 Cedar Ln, San Diego, CA 92101","2020-10-02"
"102","Ruth Garcia","ruth.garcia102@example.com","+1-815-302-8259","4657 Maple Dr, Houston, TX 77001","2024-06-12"
"103","Jacob Johnson","jacob.johnson103@example.com","+1-288-543-3953","8592 Hill Rd, San Jose, CA 95101","2024-06-25"
"104","Carolyn Rodriguez","carolyn.rodriguez104@example.com","+1-257-747-5979","5473 Park Ave, Louisville, KY 40201","2022-09-16"
"105","Stephen Ramos","stephen.ramos105@example.com","+1-531-207-8277","8210 Second Ave, Dallas, TX 75201","2022-09-29"
"106","Deborah Hughes","deborah.hughes106@example.com","+1-509-959-1062","7192 Hill Rd, Jacksonville, FL 32099","2024-05-18"
"107","Gary Sanchez","gary.sanchez107@example.com","+1-647-907-7917","3677 Elm St, Denver, CO 80201","2020-04-21"
"108","Robert Thompson","robert.thompson108@example.com","+1-777-102-7603","9808 Cedar Ln, Oklahoma City, OK 73101","2024-02-09"
"109","Catherine Martin","catherine.martin109@example.com","+1-835-290-4433","4712 Second Ave, Detroit, MI 48201","2022-07-07"
"110","Donna Moore","donna.moore110@example.com","+1-881-710-1088","9246 Jefferson Dr, Nashville, TN 37201","2024-05-28"
"111","Justin Johnson","justin.johnson111@example.com","+1-377-741-2954","896 Maple Dr, Philadelphia, PA 19019","2019-08-21"
"112","Brandon Evans","brandon.evans112@example.com","+1-481-745-5507","420 Park Ave, Jacksonville, FL 32099","2019-08-05"
"113","Ruth Edwards","ruth.edwards113@example.com","+1-680-164-6498","8897 Church St, Baltimore, MD 21201","2021-11-10"
"114","Dennis King","dennis.king114@example.com","+1-407-928-8663","2063 Market St, New York, NY 10001","2020-05-06"
"115","Stephanie Green","stephanie.green115@example.com","+1-695-280-1958","7664 Elm St, Philadelphia, PA 19019","2023-11-24"
"116","Lisa Richardson","lisa.richardson116@example.com","+1-884-571-5625","5639 Oak Ave, Jacksonville, FL 32099","2020-06-17"
"117","Stephen Brooks","stephen.brooks117@example.com","+1-737-270-4186","1289 Madison Ave, Chicago, IL 60601","2024-04-03"
"118","Jack Kelly","jack.kelly118@example.com","+1-736-745-1340","1811 Lincoln St, El Paso, TX 79901","2023-06-06"
"119","Jack Murphy","jack.murphy119@example.com","+1-767-778-5851","7536 Church St, Charlotte, NC 28201","2020-12-10"
"120","Gary Gomez","gary.gomez120@example.com","+1-429-857-7665","5005 Lincoln St, Jacksonville, FL 32099","2020-03-12"
"121","Ashley Brooks","ashley.brooks121@example.com","+1-510-723-7229","7447 Church St, Philadelphia, PA 19019","2023-12-22"
"122","Diane Peterson","diane.peterson122@example.com","+1-254-691-1908","7200 Lincoln St, San Jose, CA 95101","2022-07-22"
"123","Jonathan Gutierrez","jonathan.gutierrez123@example.com","+1-815-245-7387","9043 Jefferson Dr, Louisville, KY 40201","2021-02-18"
"124","Ryan Bennett","ryan.bennett124@example.com","+1-659-398-1425","9179 Maple Dr, Charlotte, NC 28201","2019-09-21"
"125","Margaret Reyes","margaret.reyes125@example.com","+1-467-194-3344","2104 Elm St, Dallas, TX 75201","2024-07-23"
"126","David White","david.white126@example.com","+1-810-418-1883","5015 Pine Rd, Dallas, TX 75201","2022-12-11"
"127","Betty Alvarez","betty.alvarez127@example.com","+1-993-663-4288","2591 Adams St, Austin, TX 73301","2023-10-06"
"128","Nancy Murphy","nancy.murphy128@example.com","+1-892-432-4052","7535 Spring St, Indianapolis, IN 46201","2022-02-15"
"129","Daniel Murphy","daniel.murphy129@example.com","+1-728-611-6869","3787 First St, Austin, TX 73301","2022-10-23"
"130","Timothy Hughes","timothy.hughes130@example.com","+1-735-950-4488","7007 Cedar Ln, Dallas, TX 75201","2023-02-15"
"131","Donna Bailey","donna.bailey131@example.com","+1-431-452-7997","5718 Adams St, Baltimore, MD 21201","2022-12-25"
"132","Kimberly Mitchell","kimberly.mitchell132@example.com","+1-612-315-9155","7869 Broadway, Denver, CO 80201","2019-06-17"
"133","Elizabeth Price","elizabeth.price133@example.com","+1-211-781-5161","6172 Cedar Ln, Los Angeles, CA 90001","2019-05-10"
"134","Eric Kelly","eric.kelly134@example.com","+1-385-764-6756","1584 Maple Dr, Washington, DC 20001","2023-07-09"
"135","Debra Taylor","debra.taylor135@example.com","+1-826-504-6754","6232 Spring St, New York, NY 10001","2021-05-17"
"136","Raymond Smith","raymond.smith136@example.com","+1-839-507-6746","5601 Market St, Denver, CO 80201","2024-10-01"
"137","Gregory Walker","gregory.walker137@example.com","+1-248-575-6323","2470 Washington Blvd, El Paso, TX 79901","2021-11-22"
"138","Lisa Parker","lisa.parker138@example.com","+1-753-786-3563","9932 Lincoln St, Los Angeles, CA 90001","2021-11-16"
"139","Robert Kim","robert.kim139@example.com","+1-656-733-8523","3415 Washington Blvd, San Antonio, TX 78201","2023-03-10"
"140","Barbara Morgan","barbara.morgan140@example.com","+1-453-896-5913","3463 Park Ave, San Francisco, CA 94102","2022-02-21"
"141","Karen Evans","karen.evans141@example.com","+1-242-463-6214","8346 Jefferson Dr, Louisville, KY 40201","2021-02-11"
"142","Rachel Flores","rachel.flores142@example.com","+1-210-367-3731","3264 Church St, Jacksonville, FL 32099","2020-02-24"
"143","Christopher Nguyen","christopher.nguyen143@example.com","+1-348-280-8065","2227 Broadway, Detroit, MI 48201","2019-07-29"
"144","Laura Walker","laura.walker144@example.com","+1-726-626-6627","6788 Market St, Memphis, TN 37501","2020-07-11"
"145","Christine Nguyen","christine.nguyen145@example.com","+1-529-953-3648","6700 Elm St, Nashville, TN 37201","2023-05-31"
"146","Tyler White","tyler.white146@example.com","+1-279-679-3990","9146 Main St, Columbus, OH 43004","2022-09-15"
"147","Jeffrey Nelson","jeffrey.nelson147@example.com","+1-320-284-7589","3146 Elm St, Las Vegas, NV 89101","2019-06-08"
"148","Maria Harris","maria.harris148@example.com","+1-923-709-7343","8185 Second Ave, Phoenix, AZ 85001","2024-07-21"
"149","Gregory Chavez","gregory.chavez149@example.com","+1-483-544-4058","5235 Adams St, San Jose, CA 95101","2024-02-07"
"150","John White","john.white150@example.com","+1-299-615-2161","8178 Church St, Jacksonville, FL 32099","2024-09-11"
"151","Daniel Kim","daniel.kim151@example.com","+1-450-109-2410","3204 Main St, San Jose, CA 95101","2023-04-10"
"152","Sarah Reyes","sarah.reyes152@example.com","+1-714-754-5030","5545 Pine Rd, Memphis, TN 37501","2021-03-20"
"153","Andrew Richardson","andrew.richardson153@example.com","+1-532-153-8551","5469 Second Ave, Dallas, TX 75201","2023-04-07"
"154","Patricia Mitchell","patricia.mitchell154@example.com","+1-490-245-4672","2973 Lincoln St, Seattle, WA 98101","2022-04-01"
"155","Barbara Cooper","barbara.cooper155@example.com","+1-541-161-2849","7363 Madison Ave, Charlotte, NC 28201","2021-05-04"
"156","Joshua Ward","joshua.ward156@example.com","+1-406-630-1621","3234 Main St, Houston, TX 77001","2024-06-25"
"157","Linda Campbell","linda.campbell157@example.com","+1-213-512-7148","756 First St, Oklahoma City, OK 73101","2022-09-02"
"158","Nancy Chavez","nancy.chavez158@example.com","+1-363-709-2902","814 First St, San Antonio, TX 78201","2023-05-06"
"159","Lisa Gray","lisa.gray159@example.com","+1-496-485-8230","2264 Lincoln St, Memphis, TN 37501","2021-08-19"
"160","Debra Campbell","debra.campbell160@example.com","+1-809-447-7544","4316 Cedar Ln, San Diego, CA 92101","2022-10-24"
"161","John Kelly","john.kelly161@example.com","+1-529-922-7042","5930 Maple Dr, Houston, TX 77001","2021-07-24"
"162","Patrick Price","patrick.price162@example.com","+1-247-260-9770","8214 Church St, Chicago, IL 60601","2019-05-09"
"163","Gary Williams","gary.williams163@example.com","+1-971-904-5201","3263 Church St, Chicago, IL 60601","2024-02-11"
"164","Lisa Morgan","lisa.morgan164@example.com","+1-948-684-7902","3617 Washington Blvd, Charlotte, NC 28201","2021-05-31"
"165","Ronald Cooper","ronald.cooper165@example.com","+1-561-610-8359","9792 Maple Dr, Detroit, MI 48201","2023-06-26"
"166","Samantha Alvarez","samantha.alvarez166@example.com","+1-385-640-7236","3743 Jefferson Dr, Columbus, OH 43004","2020-02-01"
"167","Charles Garcia","charles.garcia167@example.com","+1-496-761-1452","3944 Madison Ave, Louisville, KY 40201","2020-05-06"
"168","Deborah Nelson","deborah.nelson168@example.com","+1-755-182-4928","9518 Hill Rd, Houston, TX 77001","2023-02-21"
"169","Maria Ward","maria.ward169@example.com","+1-226-861-4860","6343 Hill Rd, San Diego, CA 92101","2022-06-13"
"170","Christopher Morgan","christopher.morgan170@example.com","+1-892-198-4267","7247 Washington Blvd, San Diego, CA 92101","2023-07-27"
"171","Emma Mendoza","emma.mendoza171@example.com","+1-648-191-7095","7918 Pine Rd, Chicago, IL 60601","2024-07-05"
"172","Joseph Hall","joseph.hall172@example.com","+1-313-487-8182","491 Maple Dr, Austin, TX 73301","2023-02-08"
"173","Anthony Nelson","anthony.nelson173@example.com","+1-725-600-6514","3519 Adams St, Portland, OR 97201","2023-04-27"
"174","Joseph Murphy","joseph.murphy174@example.com","+1-272-589-9623","7297 Oak Ave, Philadelphia, PA 19019","2019-04-29"
"175","Janet Anderson","janet.anderson175@example.com","+1-620-111-5224","1230 Washington Blvd, Jacksonville, FL 32099","2024-10-28"
"176","Benjamin Martinez","benjamin.martinez176@example.com","+1-900-122-1325","558 Washington Blvd, Portland, OR 97201","2021-05-02"
"177","Daniel Ramirez","daniel.ramirez177@example.com","+1-367-612-2662","9938 Market St, Las Vegas, NV 89101","2024-06-18"
"178","Melissa Brown","melissa.brown178@example.com","+1-409-902-7273","3123 Hill Rd, Boston, MA 02101","2019-07-26"
"179","Katherine Torres","katherine.torres179@example.com","+1-819-966-3708","8723 Washington Blvd, Phoenix, AZ 85001","2023-08-31"
"180","Dennis Clark","dennis.clark180@example.com","+1-958-759-1984","1879 Elm St, San Antonio, TX 78201","2024-08-13"
"181","Jonathan Gutierrez","jonathan.gutierrez181@example.com","+1-396-974-9905","1852 First St, El Paso, TX 79901","2021-06-25"
"182","Dorothy Alvarez","dorothy.alvarez182@example.com","+1-723-464-9958","398 Elm St, Indianapolis, IN 46201","2020-09-25"
"183","Jason Wilson","jason.wilson183@example.com","+1-863-801-1256","606 Hill Rd, Chicago, IL 60601","2020-06-29"
"184","Tyler Perez","tyler.perez184@example.com","+1-773-573-3721","3849 Madison Ave, Oklahoma City, OK 73101","2020-05-01"
"185","Michael Peterson","michael.peterson185@example.com","+1-505-445-5327","3930 First St, New York, NY 10001","2019-12-14"
"186","Charles Reed","charles.reed186@example.com","+1-483-978-9107","3557 Pine Rd, Houston, TX 77001","2021-05-09"
"187","Jerry Baker","jerry.baker187@example.com","+1-723-395-3403","4513 Spring St, Houston, TX 77001","2019-09-15"
"188","Sarah Nguyen","sarah.nguyen188@example.com","+1-937-339-3508","6279 Hill Rd, Dallas, TX 75201","2019-06-22"
"189","Dennis Patel","dennis.patel189@example.com","+1-755-192-6620","8095 Market St, Washington, DC 20001","2020-03-14"
"190","Brian Thompson","brian.thompson190@example.com","+1-562-816-7547","4695 Main St, New York, NY 10001","2020-12-13"
"191","Dorothy Patel","dorothy.patel191@example.com","+1-204-269-5315","8654 First St, Las Vegas, NV 89101","2020-07-16"
"192","Michael Diaz","michael.diaz192@example.com","+1-327-499-1336","4654 Oak Ave, Chicago, IL 60601","2023-08-15"
"193","Samuel Davis","samuel.davis193@example.com","+1-750-306-7304","8652 Church St, Las Vegas, NV 89101","2019-01-17"
"194","Diane Castillo","diane.castillo194@example.com","+1-380-460-1589","4516 Elm St, El Paso, TX 79901","2024-02-22"
"195","Jerry Ruiz","jerry.ruiz195@example.com","+1-626-486-4169","311 First St, Memphis, TN 37501","2021-06-12"
"196","Kevin Bennett","kevin.bennett196@example.com","+1-653-320-5617","7677 Broadway, Boston, MA 02101","2021-05-20"
"197","Robert White","robert.white197@example.com","+1-411-267-1041","8342 Lincoln St, San Antonio, TX 78201","2020-03-16"
"198","Lisa Lopez","lisa.lopez198@example.com","+1-721-809-7148","3117 Jefferson Dr, San Jose, CA 95101","2024-06-28"
"199","Joseph Cruz","joseph.cruz199@example.com","+1-833-890-4397","7198 Lincoln St, Jacksonville, FL 32099","2020-10-23"
"200","Paul Lewis","paul.lewis200@example.com","+1-262-827-3511","3919 Broadway, Chicago, IL 60601","2022-06-18"
"201","Kenneth Turner","kenneth.turner201@example.com","+1-759-616-3418","1172 Broadway, Memphis, TN 37501","2024-03-13"
"202","Nicholas Rodriguez","nicholas.rodriguez202@example.com","+1-936-125-8285","462 Market St, Detroit, MI 48201","2021-03-11"
"203","Joshua Chavez","joshua.chavez203@example.com","+1-499-176-6695","7355 First St, San Diego, CA 92101","2023-11-19"
"204","Edward Clark","edward.clark204@example.com","+1-760-109-8371","9126 Broadway, Chicago, IL 60601","2018-12-21"
"205","Gregory King","gregory.king205@example.com","+1-525-853-8572","7334 Pine Rd, San Jose, CA 95101","2024-11-01"
"206","Betty Clark","betty.clark206@example.com","+1-796-474-1353","7693 Pine Rd, Nashville, TN 37201","2019-01-27"
"207","Linda Ward","linda.ward207@example.com","+1-225-717-3495","1359 Third Rd, Houston, TX 77001","2024-06-26"
"208","Dennis Wright","dennis.wright208@example.com","+1-755-204-1509","9862 First St, Charlotte, NC 28201","2021-10-23"
"209","Linda Robinson","linda.robinson209@example.com","+1-992-265-1608","7793 Adams St, New York, NY 10001","2021-04-02"
"210","Thomas Ruiz","thomas.ruiz210@example.com","+1-607-990-6740","8386 Adams St, Los Angeles, CA 90001","2023-08-15"
"211","Susan Anderson","susan.anderson211@example.com","+1-249-938-7827","4867 Adams St, San Jose, CA 95101","2021-06-09"
"212","Ashley Rivera","ashley.rivera212@example.com","+1-373-848-2066","6278 Second Ave, Jacksonville, FL 32099","2021-08-11"
"213","Jerry Carter","jerry.carter213@example.com","+1-922-603-8621","7721 Second Ave, Chicago, IL 60601","2020-07-05"
"214","Daniel Scott","daniel.scott214@example.com","+1-577-107-6424","242 Adams St, Detroit, MI 48201","2023-09-27"
"215","Betty Parker","betty.parker215@example.com","+1-380-950-5807","2664 Lincoln St, Phoenix, AZ 85001","2020-05-21"
"216","Laura Edwards","laura.edwards216@example.com","+1-812-893-7527","1214 Market St, New York, NY 10001","2018-12-20"
"217","Kevin Cruz","kevin.cruz217@example.com","+1-725-785-2053","4796 Main St, Oklahoma City, OK 73101","2022-06-04"
"218","Donald Collins","donald.collins218@example.com","+1-812-655-8740","8777 Spring St, Las Vegas, NV 89101","2022-09-14"
"219","Debra Williams","debra.williams219@example.com","+1-954-133-8435","2673 Broadway, Los Angeles, CA 90001","2018-12-18"
"220","Kathleen White","kathleen.white220@example.com","+1-494-157-1492","7624 Adams St, New York, NY 10001","2020-04-06"
"221","Steven Morales","steven.morales221@example.com","+1-939-412-8936","5532 Market St, Dallas, TX 75201","2023-07-24"
"222","Brian Martinez","brian.martinez222@example.com","+1-958-819-3005","1291 Elm St, Jacksonville, FL 32099","2022-08-01"
"223","Ruth Cook","ruth.cook223@example.com","+1-931-889-3711","9262 Spring St, Philadelphia, PA 19019","2020-02-17"
"224","Justin Miller","justin.miller224@example.com","+1-965-596-1165","2973 Church St, Jacksonville, FL 32099","2021-02-07"
"225","Samantha Rodriguez","samantha.rodriguez225@example.com","+1-270-651-1679","744 Oak Ave, San Diego, CA 92101","2020-02-22"
"226","John Gray","john.gray226@example.com","+1-340-973-1446","6390 Park Ave, Baltimore, MD 21201","2021-07-06"
"227","Thomas Young","thomas.young227@example.com","+1-458-690-6192","7498 Washington Blvd, Los Angeles, CA 90001","2023-12-24"
"228","Anthony Chavez","anthony.chavez228@example.com","+1-969-114-3928","1279 Market St, Chicago, IL 60601","2020-07-27"
"229","Linda Watson","linda.watson229@example.com","+1-654-904-3550","7939 Madison Ave, New York, NY 10001","2019-05-14"
"230","Rachel Kim","rachel.kim230@example.com","+1-855-775-5647","8498 Maple Dr, Philadelphia, PA 19019","2021-11-25"
"231","Anthony Martinez","anthony.martinez231@example.com","+1-627-377-3154","8302 Park Ave, Charlotte, NC 28201","2024-08-01"
"232","Larry Taylor","larry.taylor232@example.com","+1-445-683-1752","8525 Park Ave, Philadelphia, PA 19019","2020-01-15"
"233","Patricia Miller","patricia.miller233@example.com","+1-939-440-2369","9931 Spring St, Baltimore, MD 21201","2021-01-14"
"234","David Bailey","david.bailey234@example.com","+1-772-136-4529","6967 Third Rd, Phoenix, AZ 85001","2021-01-15"
"235","Janet Castillo","janet.castillo235@example.com","+1-336-116-4404","6070 Second Ave, Portland, OR 97201","2021-11-23"
"236","Jerry Ramos","jerry.ramos236@example.com","+1-726-775-8342","1303 Oak Ave, Nashville, TN 37201","2024-07-29"
"237","Charles Richardson","charles.richardson237@example.com","+1-867-470-7756","9365 Madison Ave, Las Vegas, NV 89101","2020-02-04"
"238","Sandra Young","sandra.young238@example.com","+1-525-333-2019","9304 Jefferson Dr, Phoenix, AZ 85001","2024-01-24"
"239","Michael Alvarez","michael.alvarez239@example.com","+1-328-863-1600","9609 Adams St, Phoenix, AZ 85001","2020-10-12"
"240","Justin Lee","justin.lee240@example.com","+1-469-320-4356","8300 Cedar Ln, Charlotte, NC 28201","2019-12-18"
"241","Richard Howard","richard.howard241@example.com","+1-530-222-9062","9838 Third Rd, Louisville, KY 40201","2018-12-01"
"242","Ruth Campbell","ruth.campbell242@example.com","+1-930-190-5900","4793 Jefferson Dr, Denver, CO 80201","2024-06-18"
"243","Jessica Cooper","jessica.cooper243@example.com","+1-250-737-5519","6630 Second Ave, Indianapolis, IN 46201","2021-08-27"
"244","Debra Smith","debra.smith244@example.com","+1-680-411-7474","9772 Broadway, Denver, CO 80201","2021-01-28"
"245","Nancy Sanders","nancy.sanders245@example.com","+1-716-832-3047","7907 Pine Rd, Las Vegas, NV 89101","2023-01-05"
"246","Jessica Gonzalez","jessica.gonzalez246@example.com","+1-229-172-7143","1980 Oak Ave, Las Vegas, NV 89101","2020-02-14"
"247","Jennifer Perez","jennifer.perez247@example.com","+1-969-854-5071","4005 Elm St, Detroit, MI 48201","2021-04-06"
"248","Shirley Hill","shirley.hill248@example.com","+1-211-990-3349","4971 Broadway, San Diego, CA 92101","2023-04-15"
"249","Janet Mendoza","janet.mendoza249@example.com","+1-974-533-4313","9254 Lincoln St, Jacksonville, FL 32099","2022-12-20"
"250","Jeffrey Williams","jeffrey.williams250@example.com","+1-937-730-8389","2540 Oak Ave, Baltimore, MD 21201","2022-03-20"
"251","Kathleen Flores","kathleen.flores251@example.com","+1-588-367-7299","1511 Washington Blvd, Dallas, TX 75201","2020-11-04"
"252","Matthew Thomas","matthew.thomas252@example.com","+1-524-460-1762","4800 Spring St, Charlotte, NC 28201","2019-08-15"
"253","Pamela Brown","pamela.brown253@example.com","+1-585-135-5150","3906 Spring St, Boston, MA 02101","2024-05-30"
"254","Jennifer Ramirez","jennifer.ramirez254@example.com","+1-903-770-9493","2336 Cedar Ln, Louisville, KY 40201","2022-01-15"
"255","Emma Kelly","emma.kelly255@example.com","+1-759-733-8518","8385 Main St, Charlotte, NC 28201","2019-07-13"
"256","Deborah Jackson","deborah.jackson256@example.com","+1-389-438-1048","2031 Pine Rd, Portland, OR 97201","2019-03-11"
"257","Patricia Torres","patricia.torres257@example.com","+1-866-422-2265","115 Jefferson Dr, Detroit, MI 48201","2019-10-07"
"258","Paul Hill","paul.hill258@example.com","+1-557-278-1867","7132 Oak Ave, Chicago, IL 60601","2021-02-03"
"259","Richard Turner","richard.turner259@example.com","+1-424-623-6827","6371 Oak Ave, Charlotte, NC 28201","2020-11-11"
"260","Daniel Howard","daniel.howard260@example.com","+1-918-444-9958","4175 Cedar Ln, Boston, MA 02101","2021-11-24"
"261","Donald Howard","donald.howard261@example.com","+1-886-985-9498","9588 Elm St, El Paso, TX 79901","2021-12-19"
"262","Ruth Taylor","ruth.taylor262@example.com","+1-980-739-1471","7036 Broadway, Memphis, TN 37501","2020-09-27"
"263","Richard Clark","richard.clark263@example.com","+1-803-611-4151","630 Second Ave, Columbus, OH 43004","2019-07-07"
"264","Christopher Cruz","christopher.cruz264@example.com","+1-710-861-8136","5883 Main St, Nashville, TN 37201","2020-10-21"
"265","Sharon Cooper","sharon.cooper265@example.com","+1-438-484-6109","7091 Lincoln St, El Paso, TX 79901","2022-05-17"
"266","Nicole Morris","nicole.morris266@example.com","+1-401-140-3581","768 Spring St, San Francisco, CA 94102","2019-06-10"
"267","Sandra Taylor","sandra.taylor267@example.com","+1-676-493-8316","9874 Lincoln St, Boston, MA 02101","2020-01-26"
"268","Carolyn White","carolyn.white268@example.com","+1-658-436-9004","6096 Hill Rd, Los Angeles, CA 90001","2024-08-16"
"269","Andrew Brown","andrew.brown269@example.com","+1-888-390-9227","3544 Madison Ave, Seattle, WA 98101","2023-05-15"
"270","Gary Martin","gary.martin270@example.com","+1-948-399-2393","3701 Third Rd, Oklahoma City, OK 73101","2021-05-31"
"271","John Ramos","john.ramos271@example.com","+1-591-285-4746","2658 Pine Rd, Fort Worth, TX 76101","2019-10-16"
"272","Lisa Garcia","lisa.garcia272@example.com","+1-363-809-9602","1959 Market St, San Diego, CA 92101","2020-07-16"
"273","Justin Wright","justin.wright273@example.com","+1-460-448-8079","3630 Park Ave, Philadelphia, PA 19019","2024-07-26"
"274","Joseph Lewis","joseph.lewis274@example.com","+1-870-209-3813","9265 Third Rd, Nashville, TN 37201","2023-12-02"
"275","Aaron Jackson","aaron.jackson275@example.com","+1-267-411-7897","7039 Lincoln St, Phoenix, AZ 85001","2022-02-28"
"276","Emily Rivera","emily.rivera276@example.com","+1-552-995-6661","1905 Pine Rd, New York, NY 10001","2021-11-22"
"277","Patricia Cox","patricia.cox277@example.com","+1-462-142-3747","3525 Broadway, New York, NY 10001","2023-04-16"
"278","Jack Lee","jack.lee278@example.com","+1-848-540-5167","8562 Hill Rd, Charlotte, NC 28201","2021-11-30"
"279","Charles Chavez","charles.chavez279@example.com","+1-942-854-9058","8797 Spring St, Baltimore, MD 21201","2024-06-15"
"280","Timothy Castillo","timothy.castillo280@example.com","+1-506-828-3161","3283 Church St, New York, NY 10001","2020-11-24"
"281","Eric Miller","eric.miller281@example.com","+1-556-294-7194","1580 Washington Blvd, Jacksonville, FL 32099","2020-12-17"
"282","Brian Bailey","brian.bailey282@example.com","+1-240-109-6168","7947 Hill Rd, Los Angeles, CA 90001","2020-06-16"
"283","Jacob Williams","jacob.williams283@example.com","+1-501-547-6186","5928 Second Ave, Nashville, TN 37201","2022-09-10"
"284","Donald Brown","donald.brown284@example.com","+1-637-808-4690","5772 Hill Rd, Portland, OR 97201","2020-10-23"
"285","Jerry Reed","jerry.reed285@example.com","+1-386-900-6061","2273 Main St, El Paso, TX 79901","2024-05-31"
"286","Scott Edwards","scott.edwards286@example.com","+1-716-331-6312","9480 Park Ave, Nashville, TN 37201","2019-01-01"
"287","Nicholas Miller","nicholas.miller287@example.com","+1-945-854-7081","9227 Church St, Washington, DC 20001","2020-02-07"
"288","Brandon Perez","brandon.perez288@example.com","+1-226-437-1286","6257 Broadway, Portland, OR 97201","2023-06-10"
"289","Steven Miller","steven.miller289@example.com","+1-449-505-3298","3329 Elm St, Nashville, TN 37201","2024-05-10"
"290","Deborah Thompson","deborah.thompson290@example.com","+1-547-243-5532","1931 Cedar Ln, Baltimore, MD 21201","2019-11-10"
"291","Melissa Peterson","melissa.peterson291@example.com","+1-235-562-9253","7847 Hill Rd, Austin, TX 73301","2019-10-10"
"292","Steven Hernandez","steven.hernandez292@example.com","+1-298-553-4329","8392 Church St, San Francisco, CA 94102","2023-10-05"
"293","Samuel Anderson","samuel.anderson293@example.com","+1-640-135-2604","7397 Washington Blvd, Dallas, TX 75201","2021-02-03"
"294","Brian Wright","brian.wright294@example.com","+1-670-336-8778","7700 Cedar Ln, San Antonio, TX 78201","2024-07-06"
"295","Susan Martinez","susan.martinez295@example.com","+1-223-123-1705","138 Market St, Detroit, MI 48201","2022-10-05"
"296","Cynthia Sanders","cynthia.sanders296@example.com","+1-833-288-6611","1133 Jefferson Dr, Philadelphia, PA 19019","2023-09-04"
"297","Anna Rodriguez","anna.rodriguez297@example.com","+1-754-743-7898","7336 Church St, Fort Worth, TX 76101","2020-09-07"
"298","Jessica Collins","jessica.collins298@example.com","+1-242-983-2838","7959 Madison Ave, Seattle, WA 98101","2018-11-15"
"299","Stephanie Reed","stephanie.reed299@example.com","+1-776-496-9766","6011 Main St, Denver, CO 80201","2022-01-13"
"300","Jerry Williams","jerry.williams300@example.com","+1-785-292-9848","5502 Elm St, Fort Worth, TX 76101","2020-10-25"
"301","Betty Brown","betty.brown301@example.com","+1-909-378-5915","9469 Broadway, Louisville, KY 40201","2022-06-08"
"302","Cynthia Robinson","cynthia.robinson302@example.com","+1-979-732-7949","7940 Second Ave, Boston, MA 02101","2022-04-05"
"303","George Wright","george.wright303@example.com","+1-641-812-6713","8111 Lincoln St, Fort Worth, TX 76101","2021-06-08"
"304","Patrick Young","patrick.young304@example.com","+1-757-713-8487","589 Market St, San Francisco, CA 94102","2020-06-06"
"305","Brian Reed","brian.reed305@example.com","+1-569-189-4935","2639 Spring St, Baltimore, MD 21201","2020-05-30"
"306","Donna Flores","donna.flores306@example.com","+1-653-447-7299","1047 Third Rd, San Francisco, CA 94102","2020-08-30"
"307","Gregory Kelly","gregory.kelly307@example.com","+1-756-652-6617","6797 First St, Chicago, IL 60601","2023-04-21"
"308","Justin Perez","justin.perez308@example.com","+1-339-423-6836","6647 Broadway, Memphis, TN 37501","2023-01-10"
"309","Robert Mendoza","robert.mendoza309@example.com","+1-840-766-3587","3674 Lincoln St, Philadelphia, PA 19019","2021-08-11"
"310","Barbara Brooks","barbara.brooks310@example.com","+1-704-504-2189","9520 Oak Ave, San Diego, CA 92101","2020-12-08"
"311","Brian Ruiz","brian.ruiz311@example.com","+1-305-946-5792","1158 Adams St, Baltimore, MD 21201","2021-04-20"
"312","Sandra Martin","sandra.martin312@example.com","+1-346-208-2433","9384 Spring St, Washington, DC 20001","2021-04-02"
"313","Edward Torres","edward.torres313@example.com","+1-715-253-3358","3863 Jefferson Dr, San Diego, CA 92101","2020-04-08"
"314","Gregory Hall","gregory.hall314@example.com","+1-499-735-1144","824 Maple Dr, San Francisco, CA 94102","2024-04-22"
"315","Timothy Reyes","timothy.reyes315@example.com","+1-830-597-7287","9317 First St, Seattle, WA 98101","2020-09-27"
"316","Jacob Morales","jacob.morales316@example.com","+1-886-850-6310","5809 Hill Rd, Phoenix, AZ 85001","2024-10-12"
"317","Cynthia Stewart","cynthia.stewart317@example.com","+1-688-173-5378","4885 Oak Ave, Jacksonville, FL 32099","2024-01-26"
"318","Scott Brooks","scott.brooks318@example.com","+1-836-368-2453","5192 Adams St, Washington, DC 20001","2019-01-01"
"319","Emily Edwards","emily.edwards319@example.com","+1-228-434-8922","9878 Maple Dr, Columbus, OH 43004","2023-07-13"
"320","Angela Brown","angela.brown320@example.com","+1-798-203-2984","8750 Park Ave, Philadelphia, PA 19019","2020-10-18"
"321","Nicole Bailey","nicole.bailey321@example.com","+1-415-746-2354","4689 Second Ave, Denver, CO 80201","2019-08-12"
"322","Edward King","edward.king322@example.com","+1-662-174-4140","1211 Lincoln St, Columbus, OH 43004","2020-12-27"
"323","Karen Young","karen.young323@example.com","+1-284-714-7837","9035 Maple Dr, Detroit, MI 48201","2023-07-24"
"324","Paul Roberts","paul.roberts324@example.com","+1-855-380-8839","8842 Oak Ave, Denver, CO 80201","2019-09-29"
"325","Dennis Howard","dennis.howard325@example.com","+1-399-210-8143","2191 Main St, Jacksonville, FL 32099","2024-05-17"
"326","Stephen Taylor","stephen.taylor326@example.com","+1-965-294-2361","3283 First St, San Jose, CA 95101","2024-06-15"
"327","Alexander Hernandez","alexander.hernandez327@example.com","+1-532-691-7918","6237 Second Ave, Baltimore, MD 21201","2023-11-21"
"328","Margaret Mitchell","margaret.mitchell328@example.com","+1-737-418-3715","9006 Church St, San Jose, CA 95101","2024-07-10"
"329","Raymond Sanders","raymond.sanders329@example.com","+1-493-331-7486","702 Maple Dr, Las Vegas, NV 89101","2020-06-29"
"330","Frank Rogers","frank.rogers330@example.com","+1-331-791-7800","2143 Spring St, San Francisco, CA 94102","2021-07-09"
"331","James Carter","james.carter331@example.com","+1-351-819-8856","3205 Elm St, San Antonio, TX 78201","2023-05-18"
"332","Jennifer Cruz","jennifer.cruz332@example.com","+1-677-786-6180","9446 Madison Ave, Denver, CO 80201","2019-06-27"
"333","Diane Kelly","diane.kelly333@example.com","+1-205-961-3834","7310 Spring St, Phoenix, AZ 85001","2020-05-01"
"334","Diane Patel","diane.patel334@example.com","+1-918-747-5822","7430 Pine Rd, Chicago, IL 60601","2020-07-11"
"335","Catherine Castillo","catherine.castillo335@example.com","+1-303-318-6192","433 Main St, Detroit, MI 48201","2020-03-05"
"336","Amy Howard","amy.howard336@example.com","+1-889-235-6196","6536 First St, New York, NY 10001","2022-07-05"
"337","Emma Morris","emma.morris337@example.com","+1-840-987-1598","8978 Park Ave, Austin, TX 73301","2019-12-23"
"338","Eric Anderson","eric.anderson338@example.com","+1-337-761-5833","3925 Hill Rd, Dallas, TX 75201","2021-04-08"
"339","Deborah Reed","deborah.reed339@example.com","+1-418-520-2725","4882 Lincoln St, Portland, OR 97201","2022-06-25"
"340","Donald Howard","donald.howard340@example.com","+1-977-361-1271","4748 Hill Rd, Columbus, OH 43004","2021-09-27"
"341","Jason Ward","jason.ward341@example.com","+1-645-821-9383","8915 Adams St, New York, NY 10001","2020-05-13"
"342","Kevin Torres","kevin.torres342@example.com","+1-446-698-9740","395 Jefferson Dr, Seattle, WA 98101","2021-11-14"
"343","Richard Price","richard.price343@example.com","+1-466-749-3745","1449 Market St, Las Vegas, NV 89101","2021-06-15"
"344","Deborah Torres","deborah.torres344@example.com","+1-466-125-9470","1029 Washington Blvd, Louisville, KY 40201","2019-11-26"
"345","Cynthia Rivera","cynthia.rivera345@example.com","+1-551-943-2921","4634 Maple Dr, Jacksonville, FL 32099","2024-08-12"
"346","Nicole Myers","nicole.myers346@example.com","+1-526-492-3219","6458 Third Rd, Austin, TX 73301","2021-10-11"
"347","Aaron Morris","aaron.morris347@example.com","+1-780-754-6211","7695 Elm St, Columbus, OH 43004","2023-02-01"
"348","Joshua Sanchez","joshua.sanchez348@example.com","+1-688-164-6944","696 Market St, Austin, TX 73301","2019-10-27"
"349","Pamela Jones","pamela.jones349@example.com","+1-344-592-2750","1675 Market St, Seattle, WA 98101","2019-09-14"
"350","Donald King","donald.king350@example.com","+1-638-382-2824","5649 Main St, Denver, CO 80201","2021-04-28"
"351","John Watson","john.watson351@example.com","+1-846-836-7778","6784 Lincoln St, San Francisco, CA 94102","2022-01-07"
"352","Ronald Anderson","ronald.anderson352@example.com","+1-764-942-5790","9375 Jefferson Dr, Houston, TX 77001","2018-12-01"
"353","Susan Cooper","susan.cooper353@example.com","+1-441-908-7553","4239 Market St, Boston, MA 02101","2023-04-26"
"354","Michael Watson","michael.watson354@example.com","+1-606-779-1001","8645 Second Ave, Dallas, TX 75201","2021-10-02"
"355","Ashley Nguyen","ashley.nguyen355@example.com","+1-894-928-8994","816 Oak Ave, Fort Worth, TX 76101","2022-09-17"
"356","Timothy Morales","timothy.morales356@example.com","+1-425-540-3547","6956 Elm St, Chicago, IL 60601","2023-05-13"
"357","Sandra Lee","sandra.lee357@example.com","+1-470-305-5088","4683 Church St, San Francisco, CA 94102","2021-06-15"
"358","Justin Phillips","justin.phillips358@example.com","+1-833-627-7533","1069 Third Rd, Dallas, TX 75201","2024-02-03"
"359","William Flores","william.flores359@example.com","+1-571-626-6899","5420 Madison Ave, Columbus, OH 43004","2023-12-15"
"360","Barbara Stewart","barbara.stewart360@example.com","+1-267-166-1845","6392 Maple Dr, Louisville, KY 40201","2019-06-07"
"361","Laura Castillo","laura.castillo361@example.com","+1-704-977-9385","2873 Spring St, Columbus, OH 43004","2020-09-22"
"362","William Bailey","william.bailey362@example.com","+1-333-813-9617","7682 Adams St, Seattle, WA 98101","2021-01-24"
"363","Ronald Garcia","ronald.garcia363@example.com","+1-769-939-4806","1352 Adams St, Louisville, KY 40201","2019-10-16"
"364","Jason Cooper","jason.cooper364@example.com","+1-568-121-8366","334 Maple Dr, Philadelphia, PA 19019","2023-08-03"
"365","Sarah Martin","sarah.martin365@example.com","+1-974-206-1068","8680 Second Ave, Las Vegas, NV 89101","2022-08-21"
"366","Frank Allen","frank.allen366@example.com","+1-447-317-5753","5304 Madison Ave, Dallas, TX 75201","2019-10-27"
"367","Jacob Parker","jacob.parker367@example.com","+1-332-283-8267","692 Cedar Ln, Charlotte, NC 28201","2023-06-28"
"368","Joseph Stewart","joseph.stewart368@example.com","+1-537-299-6230","5745 Jefferson Dr, Detroit, MI 48201","2020-08-17"
"369","Ryan Smith","ryan.smith369@example.com","+1-397-348-4072","6931 Jefferson Dr, New York, NY 10001","2019-05-22"
"370","Michael Morris","michael.morris370@example.com","+1-435-498-1951","5074 Washington Blvd, Las Vegas, NV 89101","2024-03-04"
"371","Katherine Reyes","katherine.reyes371@example.com","+1-598-674-4905","6654 Market St, Dallas, TX 75201","2021-06-13"
"372","Amanda Perez","amanda.perez372@example.com","+1-759-919-4904","8101 Lincoln St, Charlotte, NC 28201","2018-11-09"
"373","Helen Patel","helen.patel373@example.com","+1-905-972-4237","7565 Madison Ave, Houston, TX 77001","2019-07-17"
"374","Rebecca Turner","rebecca.turner374@example.com","+1-966-538-3797","1442 Third Rd, Phoenix, AZ 85001","2022-11-26"
"375","Anthony Cooper","anthony.cooper375@example.com","+1-626-846-4873","8830 Oak Ave, Baltimore, MD 21201","2019-09-29"
"376","Katherine Gonzalez","katherine.gonzalez376@example.com","+1-594-730-2439","835 Cedar Ln, Columbus, OH 43004","2024-08-21"
"377","Jerry Lewis","jerry.lewis377@example.com","+1-317-715-7111","2462 Washington Blvd, Las Vegas, NV 89101","2020-02-24"
"378","Eric Lewis","eric.lewis378@example.com","+1-244-156-5918","2240 Elm St, Detroit, MI 48201","2024-09-11"
"379","Scott Howard","scott.howard379@example.com","+1-254-785-1508","2562 Elm St, Charlotte, NC 28201","2023-01-21"
"380","Nicholas Williams","nicholas.williams380@example.com","+1-282-567-5794","2665 Adams St, Fort Worth, TX 76101","2023-12-23"
"381","Kimberly Diaz","kimberly.diaz381@example.com","+1-678-811-1693","731 Cedar Ln, Boston, MA 02101","2022-11-24"
"382","Jacob Stewart","jacob.stewart382@example.com","+1-271-636-2672","8680 Hill Rd, Louisville, KY 40201","2022-11-15"
"383","Timothy Williams","timothy.williams383@example.com","+1-624-155-7166","4969 First St, Oklahoma City, OK 73101","2024-03-20"
"384","Carol Lopez","carol.lopez384@example.com","+1-712-275-1416","3615 Market St, Denver, CO 80201","2021-08-03"
"385","Emma Gomez","emma.gomez385@example.com","+1-268-611-2905","1037 Maple Dr, Oklahoma City, OK 73101","2023-08-12"
"386","Tyler Richardson","tyler.richardson386@example.com","+1-251-858-9393","4689 Park Ave, Jacksonville, FL 32099","2024-07-29"
"387","Amy Gray","amy.gray387@example.com","+1-901-869-3480","5878 Madison Ave, Memphis, TN 37501","2019-11-17"
"388","Emily Hughes","emily.hughes388@example.com","+1-369-203-6365","6205 Washington Blvd, Chicago, IL 60601","2021-08-30"
"389","Stephen Morales","stephen.morales389@example.com","+1-933-507-8817","540 Elm St, Indianapolis, IN 46201","2018-11-27"
"390","Ronald Lee","ronald.lee390@example.com","+1-375-878-4614","218 Second Ave, Los Angeles, CA 90001","2020-08-31"
"391","Anthony Green","anthony.green391@example.com","+1-891-113-2912","9979 Oak Ave, San Diego, CA 92101","2023-03-09"
"392","Tyler Williams","tyler.williams392@example.com","+1-421-420-6728","1359 Cedar Ln, New York, NY 10001","2023-04-25"
"393","Carolyn Ramos","carolyn.ramos393@example.com","+1-518-927-5013","5300 Adams St, Austin, TX 73301","2020-05-15"
"394","Andrew Morris","andrew.morris394@example.com","+1-201-234-8239","5494 Market St, Seattle, WA 98101","2024-05-05"
"395","Steven Brown","steven.brown395@example.com","+1-584-423-3191","3665 Washington Blvd, Fort Worth, TX 76101","2023-08-27"
"396","Nicole Lee","nicole.lee396@example.com","+1-536-721-1385","3684 Main St, Columbus, OH 43004","2022-07-27"
"397","Tyler Brooks","tyler.brooks397@example.com","+1-767-517-9907","4527 Adams St, Detroit, MI 48201","2021-04-03"
"398","Carolyn Reyes","carolyn.reyes398@example.com","+1-332-179-5546","3354 Oak Ave, Jacksonville, FL 32099","2021-03-04"
"399","Deborah Myers","deborah.myers399@example.com","+1-276-274-2352","7647 Elm St, Oklahoma City, OK 73101","2019-05-29"
"400","Betty Gomez","betty.gomez400@example.com","+1-918-520-4703","1461 Church St, Denver, CO 80201","2024-06-10"
"401","Raymond Davis","raymond.davis401@example.com","+1-422-219-6051","7098 Pine Rd, Austin, TX 73301","2024-07-19"
"402","Benjamin Jones","benjamin.jones402@example.com","+1-444-836-8554","5166 Church St, Baltimore, MD 21201","2020-02-07"
"403","Scott Morgan","scott.morgan403@example.com","+1-361-728-9635","1733 Broadway, Los Angeles, CA 90001","2020-04-03"
"404","Susan Sanchez","susan.sanchez404@example.com","+1-859-968-3843","6608 Adams St, Baltimore, MD 21201","2023-11-05"
"405","Aaron Bailey","aaron.bailey405@example.com","+1-423-698-1789","1744 Park Ave, Austin, TX 73301","2019-03-09"
"406","Jacob Morales","jacob.morales406@example.com","+1-734-824-4729","637 Third Rd, Memphis, TN 37501","2018-12-21"
"407","Charles Scott","charles.scott407@example.com","+1-286-880-5447","6654 Spring St, San Antonio, TX 78201","2023-02-16"
"408","Ronald Perez","ronald.perez408@example.com","+1-626-690-2431","8883 Pine Rd, Las Vegas, NV 89101","2022-01-15"
"409","Jessica Wright","jessica.wright409@example.com","+1-891-678-2956","4562 Cedar Ln, Phoenix, AZ 85001","2021-07-19"
"410","Christopher Wilson","christopher.wilson410@example.com","+1-534-625-5231","9210 Washington Blvd, Nashville, TN 37201","2022-08-27"
"411","Jennifer Gonzalez","jennifer.gonzalez411@example.com","+1-375-564-1480","3248 Market St, El Paso, TX 79901","2022-08-08"
"412","Larry Chavez","larry.chavez412@example.com","+1-445-381-3729","8417 Adams St, Denver, CO 80201","2019-10-29"
"413","Gregory Gray","gregory.gray413@example.com","+1-936-822-6201","4625 Third Rd, Charlotte, NC 28201","2023-08-08"
"414","Kevin Patel","kevin.patel414@example.com","+1-853-225-9931","1590 Hill Rd, Memphis, TN 37501","2022-03-02"
"415","Sharon Walker","sharon.walker415@example.com","+1-950-238-1926","1032 Hill Rd, Denver, CO 80201","2023-08-31"
"416","James Reed","james.reed416@example.com","+1-262-210-9065","1716 Main St, Portland, OR 97201","2020-07-12"
"417","Andrew Wood","andrew.wood417@example.com","+1-312-625-3436","5818 Spring St, Memphis, TN 37501","2020-04-26"
"418","Samantha Cooper","samantha.cooper418@example.com","+1-656-160-4073","1678 Washington Blvd, Charlotte, NC 28201","2018-12-22"
"419","Aaron Nguyen","aaron.nguyen419@example.com","+1-886-461-1799","8686 Church St, Denver, CO 80201","2022-12-08"
"420","Sarah Chavez","sarah.chavez420@example.com","+1-684-892-8231","6351 Church St, Phoenix, AZ 85001","2024-06-22"
"421","Samantha Nelson","samantha.nelson421@example.com","+1-942-159-3536","5175 Maple Dr, El Paso, TX 79901","2021-04-01"
"422","Kimberly Sanders","kimberly.sanders422@example.com","+1-303-577-5736","7787 Market St, Denver, CO 80201","2020-09-13"
"423","Debra Kim","debra.kim423@example.com","+1-746-215-4310","5058 Pine Rd, Jacksonville, FL 32099","2024-09-20"
"424","Rebecca Williams","rebecca.williams424@example.com","+1-946-164-7009","7385 Main St, Detroit, MI 48201","2022-09-27"
"425","Carolyn Martin","carolyn.martin425@example.com","+1-658-882-6489","7374 Church St, Washington, DC 20001","2023-04-21"
"426","Jacob Kelly","jacob.kelly426@example.com","+1-869-647-8262","461 Washington Blvd, Dallas, TX 75201","2019-12-17"
"427","Susan Flores","susan.flores427@example.com","+1-289-315-9553","9705 Church St, Las Vegas, NV 89101","2023-03-28"
"428","John Gomez","john.gomez428@example.com","+1-202-567-6175","1302 Washington Blvd, Louisville, KY 40201","2021-08-12"
"429","Kenneth Mitchell","kenneth.mitchell429@example.com","+1-486-991-4722","6695 Main St, Nashville, TN 37201","2021-12-15"
"430","Carolyn Roberts","carolyn.roberts430@example.com","+1-712-629-2535","9660 Park Ave, Oklahoma City, OK 73101","2022-12-08"
"431","Alexander Hall","alexander.hall431@example.com","+1-881-906-1665","3466 Hill Rd, Indianapolis, IN 46201","2019-10-30"
"432","Shirley Gutierrez","shirley.gutierrez432@example.com","+1-452-274-7255","5863 Jefferson Dr, Fort Worth, TX 76101","2021-02-01"
"433","Scott Castillo","scott.castillo433@example.com","+1-828-292-6446","857 Maple Dr, Boston, MA 02101","2021-05-23"
"434","Diane Hernandez","diane.hernandez434@example.com","+1-912-815-8095","7987 Main St, Nashville, TN 37201","2023-05-21"
"435","Emily Ortiz","emily.ortiz435@example.com","+1-673-159-5812","9597 Third Rd, Indianapolis, IN 46201","2021-05-23"
"436","Angela Price","angela.price436@example.com","+1-222-910-3177","1775 Oak Ave, Indianapolis, IN 46201","2020-09-29"
"437","Kathleen Cook","kathleen.cook437@example.com","+1-719-876-6481","9271 Market St, Louisville, KY 40201","2018-12-16"
"438","Ruth Anderson","ruth.anderson438@example.com","+1-628-584-8151","4326 First St, El Paso, TX 79901","2020-02-15"
"439","Scott Garcia","scott.garcia439@example.com","+1-588-261-2860","6022 Lincoln St, Baltimore, MD 21201","2019-01-01"
"440","Joseph Taylor","joseph.taylor440@example.com","+1-460-308-5341","5099 Maple Dr, San Antonio, TX 78201","2024-08-28"
"441","Jonathan Gomez","jonathan.gomez441@example.com","+1-584-176-4520","3745 Jefferson Dr, Indianapolis, IN 46201","2024-07-14"
"442","Jerry Sanchez","jerry.sanchez442@example.com","+1-271-108-4307","2006 Second Ave, San Francisco, CA 94102","2020-11-30"
"443","Samantha Miller","samantha.miller443@example.com","+1-291-346-3183","3878 Maple Dr, Portland, OR 97201","2022-06-01"
"444","Raymond Scott","raymond.scott444@example.com","+1-992-613-6986","3685 Park Ave, Detroit, MI 48201","2024-07-01"
"445","Daniel Robinson","daniel.robinson445@example.com","+1-357-384-1416","8317 Pine Rd, Baltimore, MD 21201","2021-02-07"
"446","Christine Richardson","christine.richardson446@example.com","+1-249-378-9175","3205 Third Rd, Dallas, TX 75201","2024-07-04"
"447","Nicole Jackson","nicole.jackson447@example.com","+1-299-767-6344","6123 Broadway, Nashville, TN 37201","2021-07-24"
"448","Joshua Phillips","joshua.phillips448@example.com","+1-235-386-7086","388 Spring St, Washington, DC 20001","2022-08-12"
"449","Emily Carter","emily.carter449@example.com","+1-880-629-5800","6398 Jefferson Dr, Indianapolis, IN 46201","2021-04-29"
"450","Rachel Mendoza","rachel.mendoza450@example.com","+1-501-163-3363","9304 Market St, Jacksonville, FL 32099","2024-05-02"
"451","Christopher Harris","christopher.harris451@example.com","+1-265-719-7967","1394 First St, Portland, OR 97201","2021-05-01"
"452","Michelle Miller","michelle.miller452@example.com","+1-873-751-4763","8989 Adams St, Portland, OR 97201","2021-03-08"
"453","Ruth Richardson","ruth.richardson453@example.com","+1-218-548-9935","9020 Hill Rd, Philadelphia, PA 19019","2024-10-01"
"454","John Turner","john.turner454@example.com","+1-982-344-2455","1833 Oak Ave, Baltimore, MD 21201","2022-11-30"
"455","Angela Campbell","angela.campbell455@example.com","+1-802-166-3892","6573 Washington Blvd, Memphis, TN 37501","2020-12-25"
"456","Rebecca White","rebecca.white456@example.com","+1-672-128-5803","9652 Maple Dr, San Jose, CA 95101","2022-10-21"
"457","Dennis Hill","dennis.hill457@example.com","+1-625-892-6774","4946 Madison Ave, San Francisco, CA 94102","2023-02-01"
"458","Christopher Ward","christopher.ward458@example.com","+1-972-714-5945","2290 Park Ave, San Diego, CA 92101","2019-04-04"
"459","Amanda Harris","amanda.harris459@example.com","+1-974-566-7768","5545 Spring St, Chicago, IL 60601","2021-10-23"
"460","Kenneth Castillo","kenneth.castillo460@example.com","+1-261-805-5530","5087 Maple Dr, San Francisco, CA 94102","2024-01-12"
"461","Sarah Taylor","sarah.taylor461@example.com","+1-460-480-3160","4914 Pine Rd, Denver, CO 80201","2024-01-24"
"462","Melissa Lewis","melissa.lewis462@example.com","+1-494-410-5448","3483 Park Ave, Boston, MA 02101","2022-04-09"
"463","Rebecca Lee","rebecca.lee463@example.com","+1-786-219-7862","4945 Main St, Phoenix, AZ 85001","2021-01-03"
"464","Debra White","debra.white464@example.com","+1-284-570-4168","9448 Jefferson Dr, San Francisco, CA 94102","2022-07-08"
"465","Nicholas Martinez","nicholas.martinez465@example.com","+1-848-667-9840","2879 Spring St, El Paso, TX 79901","2019-08-27"
"466","Emma Patel","emma.patel466@example.com","+1-710-968-8860","8332 Pine Rd, San Jose, CA 95101","2024-10-07"
"467","Gregory Thomas","gregory.thomas467@example.com","+1-290-466-5334","2570 Elm St, Austin, TX 73301","2019-10-19"
"468","Charles Clark","charles.clark468@example.com","+1-470-418-5740","6502 Elm St, Columbus, OH 43004","2020-04-21"
"469","Susan Wood","susan.wood469@example.com","+1-967-784-5974","7288 Spring St, Detroit, MI 48201","2020-05-07"
"470","Jerry Stewart","jerry.stewart470@example.com","+1-424-983-2026","6643 Oak Ave, San Francisco, CA 94102","2021-04-21"
"471","Susan Allen","susan.allen471@example.com","+1-517-637-4320","1556 Cedar Ln, Austin, TX 73301","2024-09-06"
"472","Anna Reyes","anna.reyes472@example.com","+1-746-785-6233","5567 Cedar Ln, Houston, TX 77001","2023-04-11"
"473","Kathleen Williams","kathleen.williams473@example.com","+1-393-563-7107","5996 Broadway, Fort Worth, TX 76101","2019-01-21"
"474","Jerry Watson","jerry.watson474@example.com","+1-409-253-1329","1990 Market St, Memphis, TN 37501","2020-03-09"
"475","Samantha Ruiz","samantha.ruiz475@example.com","+1-762-351-9720","2397 Broadway, Washington, DC 20001","2019-03-25"
"476","Linda Cruz","linda.cruz476@example.com","+1-429-390-1741","2039 Spring St, Los Angeles, CA 90001","2022-03-21"
"477","Sarah Myers","sarah.myers477@example.com","+1-752-634-7848","4768 Elm St, Chicago, IL 60601","2023-09-03"
"478","Samuel Alvarez","samuel.alvarez478@example.com","+1-275-412-9161","1771 Cedar Ln, Philadelphia, PA 19019","2022-06-04"
"479","Heather Lewis","heather.lewis479@example.com","+1-229-847-5525","6161 Elm St, Dallas, TX 75201","2019-02-15"
"480","Emily Campbell","emily.campbell480@example.com","+1-933-913-5507","679 Spring St, Austin, TX 73301","2021-10-17"
"481","Janet Stewart","janet.stewart481@example.com","+1-331-490-2513","5197 Lincoln St, Columbus, OH 43004","2022-04-16"
"482","Charles Perez","charles.perez482@example.com","+1-253-790-9074","1418 First St, San Diego, CA 92101","2024-04-04"
"483","Timothy Hill","timothy.hill483@example.com","+1-803-844-5606","1253 Main St, Phoenix, AZ 85001","2019-01-28"
"484","Scott Hernandez","scott.hernandez484@example.com","+1-421-496-7691","9520 Second Ave, Baltimore, MD 21201","2022-08-19"
"485","Jennifer Thompson","jennifer.thompson485@example.com","+1-782-219-3220","9149 Market St, Detroit, MI 48201","2021-11-05"
"486","Christine Scott","christine.scott486@example.com","+1-283-101-5942","4201 Jefferson Dr, Phoenix, AZ 85001","2024-04-16"
"487","Andrew Richardson","andrew.richardson487@example.com","+1-787-487-3116","5558 Church St, Phoenix, AZ 85001","2021-09-04"
"488","Michelle Young","michelle.young488@example.com","+1-801-956-7189","6832 Market St, Charlotte, NC 28201","2024-09-29"
"489","Eric Garcia","eric.garcia489@example.com","+1-934-120-5174","9934 Oak Ave, Jacksonville, FL 32099","2021-07-22"
"490","Susan Chavez","susan.chavez490@example.com","+1-554-144-4916","8443 Oak Ave, San Francisco, CA 94102","2021-06-03"
"491","Robert Thompson","robert.thompson491@example.com","+1-369-551-1026","5810 Washington Blvd, San Francisco, CA 94102","2020-03-23"
"492","Jennifer Kim","jennifer.kim492@example.com","+1-827-827-2305","1700 Adams St, Houston, TX 77001","2023-04-05"
"493","Mary Miller","mary.miller493@example.com","+1-524-434-6850","4198 Pine Rd, El Paso, TX 79901","2020-12-15"
"494","Alexander Brooks","alexander.brooks494@example.com","+1-610-216-5259","4142 Elm St, Houston, TX 77001","2022-04-03"
"495","Ruth Baker","ruth.baker495@example.com","+1-494-344-1800","4333 Hill Rd, San Antonio, TX 78201","2023-10-17"
"496","Sandra Lopez","sandra.lopez496@example.com","+1-666-262-5234","2114 Oak Ave, Portland, OR 97201","2022-10-05"
"497","Ryan Wilson","ryan.wilson497@example.com","+1-376-411-9835","7970 Second Ave, Phoenix, AZ 85001","2023-03-20"
"498","Carol Flores","carol.flores498@example.com","+1-990-983-9262","6974 Elm St, Fort Worth, TX 76101","2019-04-01"
"499","Brandon Hill","brandon.hill499@example.com","+1-403-380-7504","416 Broadway, El Paso, TX 79901","2024-05-27"
"500","Deborah Robinson","deborah.robinson500@example.com","+1-628-305-8170","6292 Adams St, San Antonio, TX 78201","2019-08-19"
